Country,Agriculture_GDP
Afghanistan,45.15847923
Bangladesh,22.73041716
Bhutan,26.98154842
Cambodia,32.87078238
China,13.74273287
India,20.74587449
Indonesia,15.45645173
Japan,1.458508014
Kazakhstan,8.616010247
Malaysia,8.985081404
Myanmar,54.52831916
Pakistan,23.35388324
Philippines,13.14558732
Russia,6.298758953
Sri Lanka,14.27932253
Thailand,9.434795124
Vietnam,23.03331126
